Key_Words,Grouping
computer science,major
marketing,major
consulting,major
sales,major
python,tool
mba,major
analytical,trait
java,tool
javascript,tool
engineering,major
statistics,major
advertising,major
finance,major
sql,tool
business,major
customer service,specialty
project management,trait
c++,tool
html,tool
changing environment,environment
iaas,tool
account management,skill
flexibility,trait
saas,tool
interpersonal skills,trait
media,major
team,environment
fast-paced environment,environment
communication,trait
cross-functional teams,environment
big data,specialty
human-computer interaction,specialty
css,tool
systems engineering,specialty
google cloud,tool
management,trait
cloud computing,tool
mathematics,major
data analysis,specialty
hci,tool
android,tool
business judgement,trait
mobile,tool
critical thinking,trait
independant,trait
business administration,major
database,tool
economics,major
technical sales,specialty
problem-solving,trait
influential relationships,trait
accounting,major
user research,tool
machine learning,specialty
electrical engineering,major
good judgement,trait
php,tool
security,specialty
xml,tool
matlab,tool
competitive dynamic,environment
r,tool
investment banking,specialty
corporate strategy,specialty
accountability,trait
http,tool
productive relationships,trait
product design,specialty
web,tool
online advertising,specialty
advertising sales,specialty
self-motivated,trait
enterprise software,tool
corporate setting,environment
g suite,tool
strategic,trait
ios,tool
erp,tool
ruby,tool
c#,tool
responsibility,trait
leadership,trait
psychology,major
crm systems,tool
experiment design,specialty
apps,tool
networking,specialty
distributed systems,specialty
business intelligence,trait
creativity,trait
digital marketing,specialty
stata,tool
isvs,tool
architecture,major
linux,tool
consumer electronics,specialty
sps,tool
agile,trait
advisory,trait
graphic design,major
data science,major
consultative sales,specialty
sas,tool
presentation,trait
html5,tool
cs,tool
information systems,specialty
sales strategy,trait
survey design,specialty
adwords,tool
load balance,specialty
integrity,trait
diplomacy,trait
information science,specialty
anthropology,major
firewalls,tool
tableau,tool
spreadsheet software,tool
middleware,tool
crm,tool
mechanical engineering,major
customer relation,trait
flash,tool
illustrator,tool
budget management,trait
perl,tool
oauth,tool
spss,tool
physics,major
data mining,specialty
pipeline development,specialty
financial modeling,specialty
ajax,tool
software development,specialty
experience planning,trait
nodejs,tool
c,tool
statistical modeling,specialty
hr,specialty
proactive,trait
team player,trait
supply chain,specialty
automation,specialty
optimization,specialty
hadoop,tool
field sales,specialty
digital media,specialty
mentoring,environment
high energy,environment
qualtrics,tool
chain management,specialty
cpa,tool
cctv,tool
dns,tool
json,tool
econometrics,specialty
data structures,specialty
soap,tool
css3,tool
dsps,tool
market research,specialty
science,major
sap,tool
spark,tool
apis,tool
virtualization,specialty
deadline pressure,environment
ux,tool
oracle,tool
tcp,tool
framer studio,tool
quartz,tool
photoshop,tool